geoid,doc
170310101002010,2
170310101003010,1
170310102021003,5
170310103002007,1
170310105031015,3
170310106001001,1
170310106001006,1
170310106002008,3
170310107012003,2
170310107022004,2
170310107024003,3
170310201001019,3
170310201001020,1
170310201002005,1
170310202002000,1
170310202002007,2
170310202004046,1
170310203011002,1
170310203012002,1
170310203013000,2
170310203013002,9
170310203013009,1
170310203013016,2
170310203021001,1
170310203022014,3
170310203023003,1
170310205001014,2
170310205004008,1
170310206012014,1
170310206012017,1
170310206012018,1
170310206012020,1
170310206013007,5
170310206013008,1
170310206013014,7
170310206022012,1
170310206023004,1
170310207011000,1
170310207011002,1
170310207011004,1
170310207011019,2
170310207011020,4
170310207011021,1
170310207011032,1
170310207012011,2
170310207021006,2
170310207022005,1
170310207023016,2
170310207024003,2
170310207024014,4
170310208011015,2
170310208012000,1
170310208012001,4
170310208012002,1
170310208013007,1
170310208013012,1
170310208013017,1
170310208014003,3
170310208014004,4
170310208021014,1
170310208021016,6
170310208021017,2
170310208022010,1
170310208022011,2
170310209013016,2
170310301014000,3
170310301021002,1
170310301031002,1
170310301041009,2
170310302001013,1
170310302004002,6
170310302004003,1
170310303001018,1
170310304001017,2
170310305001008,2
170310305002008,1
170310305003014,2
170310305004003,1
170310306041002,3
170310307011000,1
170310307011005,1
170310307033003,3
170310307033007,4
170310307061005,2
170310307061009,2
170310307061010,1
170310308001000,1
170310308001010,1
170310308003000,3
170310308003010,4
170310308004000,2
170310309004008,1
170310310001000,2
170310310002005,21
170310310003000,3
170310310003015,1
170310311001006,1
170310312002001,1
170310312002005,4
170310312003004,3
170310312003005,1
170310313002002,1
170310313004002,1
170310313004003,4
170310314001001,2
170310314004009,6
170310314004010,87
170310315013004,3
170310315021009,2
170310317001006,1
170310317001009,1
170310317002002,1
170310317002009,2
170310317004008,1
170310318001000,1
170310319002008,2
170310319002010,2
170310321003005,4
170310321005000,1
170310321005001,1
170310321005003,6
170310321005005,54
170310401001022,2
170310401002019,1
170310402011002,1
170310402011010,1
170310402011013,1
170310402011014,3
170310402012000,1
170310402012004,15
170310402012005,48
170310402012007,1
170310402012008,30
170310402012010,1
170310402022001,4
170310402022002,2
170310402022003,1
170310402023016,2
170310402024015,1
170310403001006,1
170310403001015,1
170310403002016,6
170310403003000,53
170310403003002,2
170310404011001,1
170310404012009,4
170310404014015,1
170310404023005,1
170310406002017,1
170310406003004,2
170310407001010,1
170310407002000,4
170310407003001,3
170310408001015,1
170310408002003,1
170310408002009,2
170310501001002,1
170310501002025,1
170310502002019,1
170310502002036,4
170310502002043,2
170310502003016,24
170310503003000,1
170310505001002,1
170310505001003,3
170310505002001,1
170310505002002,1
170310506001002,2
170310506001003,1
170310506001022,1
170310508001000,3
170310510001001,2
170310510001002,1
170310510001023,6
170310510001026,1
170310511001003,2
170310511001014,1
170310512002004,1
170310514001000,3
170310514002006,1
170310602002005,1
170310603001025,2
170310603002000,1
170310608001002,2
170310608003001,2
170310608003004,2
170310610001010,1
170310611001005,1
170310611001009,1
170310611001014,1
170310612001008,3
170310619011002,1
170310619022000,1
170310620001005,1
170310620001009,1
170310622001016,2
170310622001017,2
170310623001022,13
170310624001015,4
170310624001019,3
170310625001000,2
170310625001002,2
170310625001003,1
170310625001014,2
170310625001015,4
170310625001016,1
170310626001000,5
170310626001013,3
170310626001023,1
170310627001001,1
170310627001007,1
170310627003000,4
170310627003002,4
170310627003010,2
170310628002004,4
170310628002005,2
170310628003000,4
170310628003001,1
170310628003012,1
170310628003013,1
170310629001000,2
170310629001002,1
170310629001013,5
170310629001014,1
170310629003000,1
170310630001002,2
170310630001006,10
170310630001008,8
170310630001009,67
170310630001010,159
170310630002004,1
170310630002011,22
170310630002015,7
170310630003000,14
170310630003001,20
170310630003002,2
170310630003005,1
170310631001003,3
170310631002002,1
170310632003000,1
170310632006000,1
170310633021003,4
170310633021004,11
170310633023000,1
170310633023003,46
170310633031001,4
170310633031003,11
170310633032004,104
170310634001000,3
170310634001004,3
170310701012002,1
170310701012003,1
170310701013013,1
170310701021001,11
170310701021003,11
170310701022001,4
170310701023000,1
170310701032002,1
170310702001003,1
170310702001009,1
170310702002003,2
170310703001013,1
170310703001028,2
170310703001029,1
170310703002006,1
170310703002007,4
170310704001003,1
170310704001010,1
170310704002014,1
170310704002016,5
170310704003000,3
170310705001000,1
170310705002010,2
170310705003000,1
170310706001000,1
170310706002016,1
170310707002005,1
170310707002012,5
170310707002013,2
170310710001009,1
170310710002000,2
170310710002020,1
170310711001002,1
170310711001006,1
170310711002019,1
170310712001002,67
170310712001011,5
170310712001014,6
170310713001013,1
170310713002005,1
170310713002013,1
170310713002014,1
170310714001000,1
170310714003000,1
170310715001007,4
170310715002000,1
170310715003015,2
170310718002000,2
170310718002001,1
170310801002004,3
170310801002005,1
170310802012005,1
170310802013001,1
170310802022002,1
170310802023001,1
170310803001004,1
170310803002000,3
170310803002001,2
170310804001002,1
170310804001007,1
170310804002004,7
170310810001001,1
170310810003001,3
170310810003002,9
170310810006000,2
170310810006001,1
170310811001000,1
170310811001005,1
170310812011000,11
170310812011003,11
170310812012000,2
170310812012003,6
170310812012006,1
170310812013000,1
170310812022000,1
170310812023000,1
170310812024000,2
170310813003000,2
170310813003001,4
170310813006001,14
170310814011000,597
170310814011001,39
170310814011002,22
170310814011003,304
170310814011004,684
170310814011005,68
170310814011006,43
170310814012002,2
170310814012003,58
170310814012006,6
170310814012007,42
170310814012008,1
170310814012009,6
170310814012011,98
170310814012014,31
170310814012016,11
170310814021009,4
170310814021010,3
170310814022001,3
170310814023001,1
170310814031013,3
170310814031036,3
170310814032000,7
170310814032002,46
170310814032003,14
170310814033001,2
170310814033002,1
170310814033005,1
170310815001001,6
170310815001002,1
170310815001003,4
170310815001004,9
170310815002004,1
170310815002006,6
170310815003000,10
170310815003002,3
170310815003003,1
170310815003007,5
170310815003010,1
170310815003012,1
170310815003013,1
170310816001000,3
170310816001003,6
170310816001009,2
170310816002002,2
170310817001006,1
170310817001012,1
170310817002015,1
170310817002023,1
170310817002038,1
170310817002042,22
170310818001002,1
170310818001010,6
170310818001013,2
170310818001016,4
170310818001017,2
170310818001020,2
170310818002016,1
170310818002018,1
170310818002020,1
170310818002029,1
170310818002031,1
170310818002052,2
170310818003014,1
170310901001001,1
170310901003015,1
170310902003017,1
170310902003027,2
170310902004021,1
170310902004026,3
170310902004028,1
170310903001035,1
170311001001014,1
170311001001016,2
170311001001017,2
170311001001018,2
170311001001026,1
170311001002017,5
170311001002027,1
170311001002031,2
170311001002042,1
170311001002046,1
170311001002047,1
170311002001019,1
170311002002001,5
170311002004003,1
170311002005020,3
170311003003001,1
170311004002008,1
170311004003000,219
170311006001033,9
170311006002008,1
170311006002009,1
170311006003022,1
170311006004026,1
170311006004027,1
170311006004029,3
170311006004030,1
170311006004031,1
170311006004058,2
170311006004072,1
170311101002002,1
170311101003008,1
170311101003018,2
170311101004012,1
170311102001007,3
170311102001011,3
170311102001012,7
170311102001018,4
170311102002000,2
170311102002001,1
170311103003021,1
170311104002000,5
170311104003007,1
170311104003013,1
170311104003014,1
170311105012005,1
170311105012012,1
170311105014003,1
170311105015016,1
170311105021007,1
170311105021008,1
170311105021021,1
170311105022032,2
170311105022036,3
170311201003013,1
170311201003019,1
170311201004001,3
170311202001034,2
170311202001038,2
170311202002015,1
170311202002018,3
170311202002022,1
170311202003000,1
170311202004001,1
170311202004003,1
170311202004008,32
170311202004023,5
170311203001012,2
170311203002012,3
170311203002020,1
170311203003029,1
170311203004008,1
170311203004009,1
170311204002003,1
170311301003001,2
170311301003003,4
170311301003004,3
170311301003005,11
170311301003007,1
170311301003038,4
170311301003039,4
170311301003053,2
170311301003054,4
170311301003055,2
170311302001002,1
170311302001019,2
170311303002000,4
170311303003002,1
170311401002003,9
170311402002010,2
170311402003014,1
170311404001010,1
170311404002016,1
170311404004015,1
170311405002013,2
170311405003018,1
170311406011012,2
170311406011028,1
170311406011029,1
170311406021000,1
170311406021001,1
170311406023000,1
170311407011000,2
170311407012003,1
170311407012009,1
170311407022012,3
170311408002014,1
170311408003023,2
170311408005008,6
170311502003015,1
170311502003018,7
170311502003021,1
170311502003023,5
170311502004030,1
170311502004037,1
170311502005009,1
170311502005010,1
170311503001002,1
170311503005002,1
170311503006011,2
170311503006014,2
170311503007000,2
170311504011000,3
170311504011001,1
170311504011003,1
170311504011004,1
170311504011005,1
170311504012022,1
170311504012023,1
170311504013000,7
170311504013001,1
170311504013002,2
170311504014022,1
170311504021015,1
170311504021019,1
170311504023005,1
170311504023023,2
170311505022016,1
170311505023010,2
170311506001001,3
170311506001005,3
170311506001016,2
170311506002018,1
170311506002019,25
170311506004001,2
170311507003017,1
170311507003018,1
170311507004001,1
170311507004006,1
170311508001000,1
170311508001002,3
170311508001009,1
170311511002000,1
170311511002014,2
170311511002015,5
170311511003006,2
170311511003014,1
170311511003015,2
170311511004000,1
170311511004013,2
170311511004018,2
170311512001000,21
170311512002020,3
170311601001000,13
170311603001002,1
170311604002033,1
170311604003018,2
170311606013003,1
170311606022008,1
170311606022011,1
170311607005003,1
170311608001000,2
170311608004001,1
170311608005003,2
170311610001006,1
170311610001016,4
170311610002002,1
170311610002007,1
170311610002015,1
170311613001009,1
170311701001002,5
170311702001000,1
170311703005003,1
170311703005026,5
170311704001000,2
170311704001001,2
170311704001003,2
170311704003015,3
170311704004000,1
170311704004004,1
170311705004030,1
170311707001000,2
170311707002016,1
170311708001010,1
170311708001017,1
170311708002000,1
170311708003022,1
170311709001019,1
170311710002023,1
170311710002025,4
170311710002026,1
170311710003012,2
170311710004006,1
170311710006026,2
170311801004002,1
170311801004003,1
170311801005000,2
170311801005001,8
170311801005002,1
170311801005019,4
170311901001011,1
170311902001001,1
170311902002010,1
170311903001000,1
170311903001001,1
170311903001004,1
170311903002000,1
170311903002015,1
170311903004016,2
170311904011000,8
170311904011003,2
170311904011009,1
170311904011023,1
170311904012031,5
170311904021001,1
170311904021003,1
170311904021005,1
170311906021001,1
170311906023000,1
170311906023020,1
170311907012000,1
170311907022005,1
170311907023003,2
170311908001002,1
170311910001003,1
170311911001001,2
170311911004000,2
170311911005000,1
170311912001002,2
170311912001003,9
170311913022001,1
170311913022002,1
170312001002018,1
170312001003032,1
170312002003013,1
170312003001000,1
170312003002000,1
170312003002002,1
170312004021013,1
170312004021018,3
170312101001001,1
170312101001010,7
170312101003014,1
170312104001017,1
170312105011013,1
170312105012002,1
170312105012003,1
170312105012023,1
170312105022000,1
170312106022007,1
170312106022008,5
170312106022009,2
170312106023010,1
170312107003018,1
170312108001001,2
170312109001048,20
170312204001004,1
170312204001018,3
170312204002027,1
170312205001020,1
170312205002011,2
170312205002012,2
170312205002014,2
170312205003010,1
170312206011009,2
170312206012012,1
170312206012015,1
170312206012016,1
170312206023006,1
170312206023008,1
170312206023010,1
170312207011008,1
170312207012008,5
170312207013016,5
170312209021003,4
170312209022003,1
170312211002029,1
170312211003021,1
170312212002003,2
170312213001009,1
170312213002016,1
170312214003001,2
170312215001004,1
170312216001037,2
170312216002032,1
170312222002010,1
170312225001007,1
170312226001002,2
170312226001004,1
170312226001005,4
170312301001021,1
170312302001019,1
170312302001025,4
170312304002005,2
170312306001002,3
170312306006009,1
170312307002012,1
170312307004005,4
170312309001004,1
170312309003002,1
170312312003012,7
170312315004003,2
170312402001024,2
170312402001025,1
170312403001026,1
170312403001028,1
170312403001036,1
170312405001000,3
170312405001016,1
170312406001018,2
170312407001019,12
170312409001016,7
170312409001029,25
170312409001033,3
170312409001035,4
170312410002001,1
170312411001010,1
170312411001019,5
170312411001020,1
170312412001001,1
170312412001013,31
170312412002000,3
170312412002006,37
170312412002012,6
170312413001003,1
170312414001000,1
170312414002010,1
170312414003005,1
170312414004012,1
170312414004015,1
170312415001004,1
170312415001005,1
170312415003002,2
170312415003011,1
170312415003013,1
170312416001004,1
170312416002005,1
170312416002006,2
170312420002003,2
170312420002005,1
170312420002014,2
170312420002017,1
170312420003000,1
170312421002001,1
170312421003014,2
170312421003015,1
170312421003023,1
170312422001014,1
170312422002019,2
170312423001000,1
170312423002000,1
170312423002030,1
170312424001000,57
170312424001003,4
170312424002024,1
170312424002025,3
170312425001019,2
170312425002017,1
170312426001013,3
170312426001014,7
170312426002000,2
170312426003009,1
170312428001002,2
170312429001001,5
170312430001009,1
170312430002000,1
170312431001000,3
170312432001001,3
170312432001002,19
170312432001005,17
170312435002001,2
170312504002025,1
170312505002028,9
170312505003024,6
170312505004016,1
170312505006008,2
170312505007020,2
170312505007026,1
170312507005002,2
170312510001031,5
170312511001000,2
170312511003013,1
170312511003014,1
170312513002012,1
170312516003002,3
170312519003005,11
170312519004014,6
170312520002001,2
170312520002014,3
170312521024000,1
170312522012004,1
170312601001020,4
170312601001021,7
170312609002003,1
170312609002006,1
170312610002005,1
170312610002007,2
170312712001005,1
170312714001000,1
170312714001022,5
170312714001023,1
170312718001000,1
170312801001000,1
170312801001003,2
170312801001019,3
170312801002016,2
170312801002018,2
170312801002022,1
170312801002029,1
170312801002030,1
170312819001010,1
170312819001012,13
170312819001019,1
170312819001022,1
170312819001024,1
170312819002001,1
170312819003001,1
170312819003004,1
170312819003009,1
170312827002025,1
170312828001006,1
170312828001013,1
170312828001014,1
170312831001001,1
170312832001009,3
170312922003010,1
170312924002025,42
170313005002016,1
170313005002018,4
170313006002008,1
170313006002009,2
170313006002011,3
170313006002014,2
170313008002015,1
170313009002001,1
170313011001000,1
170313012001000,2
170313012001002,1
170313016001004,2
170313017011000,3
170313017011003,2
170313017011004,1
170313017011006,2
170313017013004,1
170313018012008,1
170313018021015,1
170313018022007,2
170313018022019,2
170313018023001,2
170313018023002,1
170313102002004,1
170313103001000,1
170313103001032,4
170313105001029,1
170313106002006,2
170313106002007,1
170313106003008,1
170313106003009,1
170313108001007,1
170313108001009,1
170313108001010,2
170313108002002,1
170313109001007,1
170313109002008,4
170313201001013,1
170313201001015,31
170313201001016,1
170313201001017,53
170313201001018,5
170313201001019,53
170313201002012,3
170313201002016,24
170313201002019,5
170313201002027,7
170313201002028,17
170313201002029,6
170313201002031,4
170313201002034,3
170313201003008,1
170313201003010,2
170313201004007,2
170313201004018,1
170313204001006,1
170313204001007,1
170313204001008,11
170313204001013,23
170313204001014,15
170313204001017,2
170313204001035,8
170313204001044,1
170313206001010,2
170313206002011,1
170313206002012,8
170313206002013,2
170313206002014,1
170313301001000,1
170313301001003,5
170313301001010,1
170313301002004,1
170313301002012,2
170313301002020,2
170313301003000,2
170313301003005,1
170313301003006,1
170313301003008,2
170313301003009,1
170313301003011,2
170313301003017,2
170313301003018,3
170313302002006,1
170313302002007,1
170313405001026,3
170313501001008,1
170313514001001,1
170313801001002,1
170313802002000,2
170313807001016,7
170313814001003,1
170313814001012,1
170313817001000,2
170313818002008,2
170313819001007,51
170313819002009,7
170313901001008,1
170313901001017,2
170313905001002,1
170313907001017,1
170314101001001,1
170314101001002,2
170314105002006,9
170314108001000,2
170314108001002,1
170314108001005,20
170314109003014,2
170314110003009,2
170314111001001,2
170314111002003,1
170314112001001,2
170314112001002,3
170314112002008,1
170314201001019,1
170314201001022,2
170314204001000,3
170314302001003,1
170314305001007,1
170314305003008,1
170314306001001,1
170314306001009,1
170314306001010,4
170314306002013,1
170314307002000,2
170314307002003,1
170314308002022,1
170314313013011,1
170314313021008,2
170314401021009,1
170314401022005,1
170314401022006,2
170314401022007,2
170314401022013,1
170314401023006,1
170314402011000,1
170314402011007,1
170314402014001,1
170314402021012,1
170314402022010,3
170314403001013,5
170314403004012,1
170314407002001,1
170314503004002,1
170314503004021,3
170314602002001,1
170314605001002,6
170314605001003,1
170314605001014,10
170314605001015,3
170314610001004,1
170314610001025,7
170314610001026,3
170314610001055,21
170314701002000,8
170314801002004,1
170314801002005,3
170314802001002,1
170314802002000,1
170314802002001,1
170314803001020,1
170314804002021,44
170314804002023,3
170314804003001,22
170314804003002,1
170314804004017,1
170314804005019,1
170314804005020,1
170314909022002,1
170314909022004,1
170314910002023,1
170314912003003,3
170314912003005,2
170314913001000,6
170314914002010,3
170314914002011,2
170315001004001,1
170315002002005,2
170315003002028,6
170315102001009,1
170315103001006,4
170315103003000,4
170315201001010,1
170315203002000,2
170315203002024,2
170315203003000,2
170315204002011,2
170315204002017,1
170315204003002,1
170315204003015,2
170315204004012,4
170315205001004,1
170315401022015,2
170315501003010,1
170315501005014,2
170315501005015,3
170315501006033,1
170315603002000,1
170315607002035,1
170315608001025,1
170315608001027,1
170315608002026,5
170315608003022,3
170315608004016,2
170315608004018,1
170315608005024,1
170315608005028,1
170315609001025,1
170315609001026,3
170315609003023,3
170315609004021,2
170315609004023,1
170315609006006,2
170315609006019,1
170315610001002,2
170315610002000,3
170315610002001,3
170315610003000,4
170315610005000,3
170315610005001,1
170315610005002,5
170315610006001,2
170315611006000,1
170315701001015,2
170315702001027,3
170315702001053,1
170315703003017,2
170315704002019,1
170315705001011,2
170315705002018,2
170315804004012,1
170315804004016,4
170315805012005,3
170315805012006,1
170315805012012,1
170315805021004,2
170315805021013,1
170315805021015,4
170315805023006,3
170315805023012,1
170315906001003,1
170316004002011,1
170316006002015,1
170316103003015,3
170316103003033,3
170316104001013,2
170316112002007,2
170316113001002,1
170316114001001,2
170316119001004,2
170316201001009,2
170316202001000,1
170316202001024,6
170316203001000,1
170316203002009,1
170316203002018,1
170316204004002,14
170316204004009,1
170316204004010,2
170316204004013,1
170316303002000,3
170316303002018,4
170316303002035,1
170316304004004,1
170316305004001,1
170316308004017,1
170316403003016,2
170316404001035,1
170316405001032,5
170316408001002,1
170316501003014,1
170316501004002,1
170316501004005,3
170316502002000,3
170316502002022,1
170316502002024,1
170316502003016,1
170316502003019,1
170316503011000,3
170316503011003,1
170316503013000,4
170316503014016,2
170316503021031,11
170316503022030,2
170316504005002,1
170316504005010,3
170316504005019,1
170316505001020,2
170316603011015,1
170316604002015,1
170316605001000,3
170316606004001,1
170316606004002,1
170316607001022,1
170316609003013,26
170316609003014,7
170316610002008,1
170316707002014,1
170316715001000,1
170316715003021,1
170316809002007,27
170316809002008,6
170316809002018,1
170316809004008,3
170316810002000,2
170316812004006,4
170316903002010,2
170316904001012,1
170316909005016,1
170316913001003,3
170316914004008,1
170316915003005,2
170317001002037,3
170317003013004,1
170317003021013,4
170317003024045,4
170317004014005,2
170317004021000,1
170317004021029,1
170317004023025,2
170317005011002,1
170317005011004,3
170317005011005,4
170317005022026,2
170317005022029,5
170317101001021,1
170317102001013,1
170317104006018,3
170317105001000,1
170317107002001,2
170317108004005,2
170317108004007,1
170317111002023,1
170317112001000,2
170317112001020,1
170317113001006,1
170317114001003,1
170317201001021,1
170317201001024,3
170317201002010,1
170317201002016,2
170317201002034,1
170317202001003,1
170317202001009,1
170317202002005,1
170317202003040,1
170317203001000,2
170317203002001,1
170317203002004,1
170317203002005,1
170317203003006,1
170317203003021,1
170317203003022,2
170317203004008,37
170317204001000,1
170317204001008,1
170317205002014,1
170317205002015,1
170317206002012,1
170317206002013,3
170317207002001,9
170317301002022,3
170317304001019,1
170317304003000,4
170317401001023,1
170317401004004,3
170317401004019,5
170317402001014,1
170317402004000,1
170317402004015,1
170317403001022,6
170317403002008,2
170317403003021,1
170317404002006,2
170317501001010,3
170317501001012,2
170317502002000,2
170317502003007,2
170317502004009,1
170317503003016,1
170317504001033,2
170317504002004,2
170317504002017,1
170317505003012,1
170317505003025,4
170317608011001,1
170317608011012,4
170317608012005,11
170317608012012,1
170317608021009,1
170317702012004,6
170317702012009,16
170317702012014,1
170317702013003,23
170317702013014,1
170317702013026,1
170317702013027,2
170317702021021,6
170317702022008,1
170317702022092,180
170317702023027,2
170317702023032,1
170317704001021,1
170317704001034,2
170317705002015,3
170317705002018,1
170317705002049,1
170317706012001,1
170317706013000,2
170317706022008,1
170317706022015,1
170317707002037,1
170317707002038,2
170317708001037,1
170317709012003,1
170317709012010,1
170317709013000,3
170317709013012,1
170317709021015,1
170317709022000,1
170317709022024,1
170318001001013,1
170318001001015,1
170318001002012,1
170318002001023,2
170318002002020,1
170318002002024,2
170318002005014,1
170318002006035,1
170318003001002,1
170318003001015,1
170318003002003,2
170318003002011,1
170318003003009,1
170318004001021,1
170318004002007,3
170318004002008,5
170318004002010,1
170318004002020,3
170318005001016,1
170318005001026,3
170318005001030,4
170318005002012,1
170318005003004,1
170318006002006,3
170318006002009,4
170318006002015,3
170318007002000,1
170318007002010,2
170318007002012,3
170318007004003,1
170318007004021,4
170318008001009,1
170318008001010,2
170318008001038,2
170318008001040,1
170318008001067,1
170318008001071,1
170318008001072,2
170318008001076,2
170318009002005,1
170318009003001,1
170318009003009,1
170318009003010,1
170318010001000,2
170318010003014,1
170318010004011,4
170318011002013,1
170318011003014,1
170318012001000,13
170318012002011,1
170318012003004,1
170318012003005,1
170318013002011,1
170318013002012,2
170318013003005,1
170318013003015,1
170318013003020,1
170318013004021,2
170318013004024,4
170318013004026,1
170318014001007,1
170318014001014,2
170318014002012,3
170318015001011,1
170318015001012,9
170318015001023,1
170318015001039,9
170318015001047,8
170318015001049,1
170318015001051,2
170318015001052,11
170318015001061,12
170318015001065,5
170318015001066,10
170318015001067,2
170318015001079,15
170318015002025,2
170318015003000,2
170318015003001,8
170318015003044,7
170318015003049,1
170318015003050,5
170318016011085,3
170318016011086,1
170318016011088,1
170318016011096,13
170318016011106,3
170318016011119,1
170318016012000,1
170318016012004,1
170318016012024,2
170318016012030,1
170318016031016,1
170318016031018,2
170318016031022,1
170318016031032,1
170318016031034,1
170318016032012,2
170318016053004,1
170318016053009,1
170318016055000,5
170318016055002,1
170318016062002,1
170318016062023,1
170318016063004,1
170318016065013,2
170318016071007,1
170318016071011,1
170318016071023,25
170318016071024,29
170318016072008,20
170318016072010,46
170318016072019,1
170318016073000,1
170318016073015,1
170318016081000,3
170318016082006,1
170318016082020,1
170318016084003,2
170318016084008,1
170318016084017,1
170318016084022,1
170318016084023,1
170318016084025,1
170318017022004,2
170318017022005,4
170318017022006,2
170318017022007,1
170318017023001,1
170318017023007,5
170318017023008,4
170318017023019,7
170318018001009,2
170318018001024,1
170318018001028,2
170318018001081,1
170318018002040,9
170318018003010,1
170318018004000,3
170318019011000,33
170318019011001,8
170318019011021,1
170318019011042,1
170318019012002,1
170318019012026,1
170318019013018,13
170318019021009,1
170318019023002,3
170318019023003,1
170318019023005,12
170318020022025,1
170318020041009,1
170318020043001,1
170318020043014,1
170318021002009,1
170318022001010,1
170318022002000,1
170318022002010,2
170318022002011,8
170318022003009,2
170318022003015,1
170318022003016,1
170318023001000,58
170318023001003,21
170318023001014,1
170318023001023,5
170318023001031,1
170318023001040,1
170318023001041,1
170318023001069,1
170318024022011,1
170318024022017,2
170318024023000,1
170318024023003,14
170318024041008,6
170318024043009,1
170318024043010,1
170318024043011,3
170318025032000,2
170318025032006,1
170318025032010,1
170318025041000,1
170318025051008,1
170318025051031,1
170318025061003,3
170318025062000,1
170318025062003,3
170318025062010,3
170318026052003,1
170318026052022,6
170318026071030,1
170318026081002,3
170318026084000,2
170318027012000,1
170318027021000,6
170318027021020,7
170318027021021,1
170318027021024,2
170318028011006,1
170318028012003,1
170318028014007,16
170318028021009,1
170318028021010,1
170318028024012,1
170318028024025,2
170318028025016,2
170318028025027,4
170318029001004,7
170318029004002,25
170318029004003,1
170318030052000,1
170318030052002,1
170318030052006,8
170318030052009,2
170318030052010,8
170318030052014,2
170318030052019,1
170318030052022,23
170318030052023,4
170318030052024,11
170318030071002,3
170318030071003,4
170318030072009,1
170318030081009,2
170318030102001,1
170318030102002,19
170318030104001,4
170318030131015,2
170318030131016,1
170318030132021,2
170318030151006,1
170318030153036,2
170318030171000,1
170318030171010,4
170318030172005,27
170318031001002,2
170318031001014,9
170318031001015,8
170318032001033,1
170318032002023,4
170318033001031,2
170318033002009,1
170318033002010,1
170318033002017,2
170318033003027,3
170318033003030,1
170318033003031,1
170318033003043,1
170318033003046,1
170318034004009,10
170318034004021,6
170318034005010,1
170318034006008,3
170318034006011,1
170318034006012,1
170318035003017,2
170318035003018,19
170318035003025,36
170318035003030,147
170318035005007,1
170318035005008,17
170318036032030,1
170318036041001,3
170318036041011,4
170318036041012,2
170318036041013,10
170318036042002,1
170318036042005,1
170318036043000,1
170318036051000,1
170318036054000,2
170318036062003,3
170318036063004,2
170318036064004,1
170318036081062,2
170318036083000,2
170318036104028,1
170318036122011,2
170318037011000,4
170318037011001,2
170318037011021,2
170318037012000,7
170318037023000,1
170318037023015,3
170318038001004,1
170318038002015,2
170318038003000,8
170318038003002,2
170318038003006,2
170318039011005,5
170318039011006,3
170318039011010,1
170318039012054,1
170318039012066,8
170318039012069,1
170318039012086,3
170318040002007,2
170318041022010,3
170318041022036,5
170318041023002,1
170318041042000,1
170318041051008,1
170318041051016,4
170318041053005,1
170318041061009,1
170318041062025,2
170318041062031,2
170318041064002,3
170318041064005,2
170318041091004,1
170318041091029,1
170318042011000,2
170318042012005,1
170318042012007,2
170318042012013,1
170318042012088,1
170318042012178,6
170318042013006,1
170318042013015,1
170318042013024,15
170318042013052,10
170318042014002,1
170318042014018,1
170318042021003,1
170318042021007,1
170318042021008,1
170318042021012,1
170318042022039,1
170318042022047,3
170318042022069,1
170318042022073,2
170318042022076,2
170318042023005,1
170318042024055,2
170318042024065,1
170318043052014,1
170318043061009,2
170318043082019,3
170318043083007,1
170318043092018,1
170318043101029,2
170318043102018,1
170318043103008,2
170318043111050,1
170318043111052,1
170318043111054,1
170318044031012,7
170318044044001,7
170318044051021,1
170318044052003,2
170318045051007,1
170318045051016,1
170318045053004,2
170318045053005,6
170318045053007,2
170318045053009,1
170318045053020,2
170318045053022,2
170318045062000,5
170318045063002,3
170318045081000,5
170318045092000,1
170318045093000,2
170318045101001,1
170318045101003,8
170318045101012,2
170318045111006,3
170318045112000,1
170318046031026,2
170318046031029,2
170318046031033,2
170318046031039,6
170318046031047,1
170318046031055,1
170318046032000,3
170318046032025,1
170318046032026,1
170318046033003,7
170318046033005,1
170318046033012,4
170318046033014,5
170318046033024,2
170318046033039,4
170318046033040,4
170318046033047,1
170318046033050,11
170318046033057,1
170318046033064,1
170318046033065,6
170318046033066,6
170318046033073,1
170318046033077,32
170318046033078,3
170318046033085,8
170318046061008,1
170318046061009,1
170318046061011,1
170318046062022,1
170318046063021,1
170318046072000,1
170318046074005,1
170318046083011,1
170318046083018,1
170318046092002,1
170318046092003,1
170318046101000,5
170318046101003,2
170318046112003,10
170318046112005,2
170318046112009,1
170318047011003,9
170318047011006,1
170318047012005,9
170318047013018,1
170318047013019,3
170318047013035,4
170318047013048,151
170318047013049,8
170318047013052,12
170318047013067,1
170318047013069,1
170318047013072,1
170318047014028,2
170318047014030,25
170318047061004,8
170318047062006,14
170318047062010,1
170318047091003,7
170318047091014,1
170318047091019,2
170318047091027,1
170318047093008,1
170318047094002,15
170318047111003,1
170318047112001,1
170318047113015,2
170318047131001,2
170318047134010,1
170318047142022,10
170318047142023,2
170318047152006,1
170318047152008,4
170318047162010,1
170318048031002,2
170318048032002,5
170318048041001,1
170318048042000,5
170318048042013,1
170318048044003,1
170318048044009,2
170318048051003,3
170318048054027,3
170318048063008,1
170318048073020,2
170318048092016,1
170318048101000,3
170318048103003,1
170318048103004,16
170318048103010,2
170318048103013,1
170318048104006,2
170318049011023,1
170318049012006,1
170318049012009,1
170318049012020,2
170318049012022,1
170318049014000,1
170318049015001,3
170318049015004,1
170318049015015,2
170318049022018,2
170318050011000,7
170318050014010,1
170318050021016,4
170318050022003,4
170318051053000,6
170318051053001,1
170318051053006,1
170318051053021,2
170318051053023,2
170318051054015,9
170318051054022,9
170318051054024,6
170318051062000,12
170318051062015,1
170318051062018,2
170318051071001,2
170318051072000,15
170318051072001,6
170318051072017,23
170318051072023,2
170318051072030,2
170318051073000,1
170318051075000,4
170318051081010,2
170318051082000,2
170318051082003,1
170318051083003,6
170318051083007,7
170318051092009,1
170318051092018,1
170318051093007,1
170318051093008,9
170318051093009,2
170318051093017,1
170318051102023,1
170318051102025,5
170318051103004,6
170318051113001,1
170318051116019,2
170318051122007,2
170318052024007,1
170318053013000,1
170318053021002,2
170318054012024,3
170318054013017,2
170318054021000,2
170318054024012,1
170318054024013,1
170318054024028,1
170318054024041,1
170318054025000,37
170318055011000,1
170318055011009,1
170318055011016,2
170318055011019,2
170318055012011,1
170318055012020,3
170318055013000,1
170318055013008,8
170318055013009,1
170318055023009,13
170318055023011,8
170318055024022,2
170318055024024,5
170318055024026,1
170318055024027,5
170318056002001,4
170318056002019,1
170318057013002,1
170318057022009,2
170318057022011,2
170318058012003,1
170318058021000,2
170318058021003,3
170318058021005,5
170318058025004,1
170318058025007,1
170318059011000,5
170318059011005,10
170318059011024,18
170318059011025,5
170318059011035,2
170318059011036,2
170318059012002,4
170318059012003,1
170318059013032,2
170318059021001,1
170318059023000,41
170318059023001,12
170318059023008,366
170318059023014,1
170318059025003,1
170318059026010,3
170318060011003,1
170318060011014,1
170318060012008,1
170318060013016,11
170318060013019,13
170318060013020,1
170318060014000,14
170318060021000,15
170318060025004,1
170318060025005,7
170318060031001,8
170318060031002,4
170318060036000,64
170318060041009,1
170318060042004,1
170318060042019,11
170318060043007,1
170318060043010,11
170318060043014,1
170318060043016,4
170318060044009,1
170318061021001,19
170318061021010,1
170318061021014,9
170318061022006,1
170318061031009,2
170318061031015,1
170318061033023,2
170318061034001,11
170318061042025,39
170318061042060,3
170318062012006,1
170318062012009,3
170318062012012,6
170318062012018,2
170318062021000,1
170318062021001,1
170318062022001,1
170318062023000,1
170318062023013,3
170318062023019,6
170318062023022,4
170318063001001,1
170318063002006,2
170318064001023,2
170318064002017,1
170318065021000,1
170318065021003,1
170318065021006,2
170318065024000,1
170318065024003,1
170318065024006,1
170318067004002,1
170318068012001,1
170318068012002,116
170318068012003,3
170318068012005,11
170318068012006,43
170318068014000,1
170318068014016,1
170318068021021,1
170318068021026,1
170318068023006,1
170318068023022,2
170318069001000,2
170318069001009,3
170318069001011,3
170318069001012,1
170318069001019,8
170318069001021,33
170318069001022,34
170318069001026,1
170318069002001,3
170318069003003,13
170318069003004,33
170318070001001,8
170318070002009,1
170318070003016,2
170318071001000,4
170318071001008,2
170318071003000,1
170318071003002,1
170318071003024,1
170318072001026,1
170318072002001,1
170318073001034,1
170318073002001,3
170318073002005,2
170318073003010,1
170318073003015,1
170318074001000,2
170318074002008,1
170318074002017,1
170318074002019,5
170318074002046,1
170318074004006,1
170318074005025,1
170318076003037,2
170318076005033,1
170318077001007,4
170318077001009,1
170318078001006,1
170318078001007,1
170318078002026,1
170318078002051,3
170318079001000,1
170318079001007,1
170318079002000,1
170318079002026,4
170318079003016,1
170318080011010,3
170318080011011,3
170318080011032,1
170318080011037,2
170318080011038,1
170318080012025,1
170318080013000,7
170318080021020,2
170318080022004,7
170318080022009,2
170318080022027,1
170318080023040,2
170318080023043,1
170318080024010,2
170318080024016,3
170318080024025,1
170318081001018,1
170318081001034,2
170318081001044,2
170318081002000,1
170318081002001,1
170318081002005,1
170318081002006,2
170318081002011,2
170318081002019,2
170318082003014,2
170318083011004,2
170318083012000,7
170318083012031,1
170318083012037,1
170318083013000,5
170318083013001,2
170318083021012,4
170318083023008,1
170318084001011,1
170318084001023,3
170318084002002,2
170318084002013,1
170318084003017,3
170318084003040,40
170318085003020,1
170318085003027,1
170318086001007,1
170318086002007,3
170318086002008,2
170318086002014,1
170318087022016,4
170318088001033,6
170318088002011,375
170318089001003,1
170318089002020,1
170318089002040,3
170318089003053,1
170318090003024,2
170318091003000,1
170318091003020,1
170318093001001,73
170318093003009,1
170318094002000,5
170318094002001,1
170318094002005,9
170318094003001,2
170318094003012,17
170318094003014,1
170318094003019,7
170318094003023,3
170318094003024,14
170318095001001,1
170318095001012,7
170318095001017,2
170318095002014,1
170318096002004,1
170318097001033,1
170318097002002,1
170318097002003,12
170318098002024,1
170318099001040,1
170318099001044,1
170318100001007,1
170318100002007,3
170318102004004,2
170318102004007,100
170318102005001,1
170318102005005,2
170318102006004,1
170318102006013,8
170318103013026,2
170318103014003,1
170318103014017,2
170318103021003,1
170318103021009,1
170318104001000,7
170318104001006,1
170318104001007,1
170318104001019,1
170318104003024,1
170318104003047,2
170318104004001,4
170318104004002,1
170318104004003,6
170318104004004,1
170318105011013,2
170318105011016,1
170318105012002,1
170318105012005,1
170318105014007,1
170318105022013,1
170318105024018,2
170318106002047,1
170318106003014,5
170318107022018,3
170318108001023,1
170318108002000,1
170318108002003,1
170318109001000,1
170318109003000,6
170318109004011,6
170318109004012,2
170318109004013,6
170318110004026,3
170318110004028,6
170318110004029,2
170318110004030,8
170318110005010,2
170318111001012,2
170318111002004,4
170318111002005,1
170318113022016,7
170318113022017,2
170318113022027,1
170318113022032,83
170318114014001,1
170318114014003,1
170318114014005,1
170318114015002,2
170318114015035,3
170318114021022,3
170318114021023,1
170318114022012,3
170318114022016,2
170318114022023,1
170318115001007,1
170318116002017,2
170318116003002,1
170318117012000,2
170318118002025,1
170318118004019,1
170318119001002,1
170318119001003,2
170318119001004,1
170318119001005,2
170318119001013,2
170318119002009,1
170318119002010,1
170318119003013,1
170318119004000,8
170318119004002,3
170318119004021,1
170318120001000,1
170318120002006,1
170318120002007,24
170318120002009,3
170318120003012,4
170318120003014,4
170318120004021,4
170318120005001,1
170318120005010,4
170318120005011,1
170318120006000,1
170318121004000,1
170318122001001,3
170318122001002,1
170318122001003,4
170318122001006,2
170318122002009,1
170318122004002,2
170318122004005,2
170318122004006,7
170318122004007,6
170318122004032,8
170318123012001,9
170318123012003,22
170318123012004,12
170318123012005,10
170318123012006,3
170318123013003,1
170318123013005,8
170318123013006,5
170318123013007,1
170318123022003,2
170318123023002,4
170318124001003,1
170318124001016,1
170318124002017,1
170318125001008,3
170318125001015,3
170318125002000,81
170318125002012,14
170318125002013,1
170318125003017,2
170318125004007,3
170318125004008,1
170318126004002,1
170318127003001,1
170318127003015,1
170318128011004,1
170318128011009,1
170318128022000,2
170318128023007,2
170318129001013,1
170318129003007,1
170318129003022,2
170318129003023,1
170318129004002,2
170318129004004,61
170318129004008,4
170318130001004,3
170318130001009,2
170318130004003,1
170318130005011,1
170318131002018,1
170318131003015,1
170318131003016,3
170318132004008,1
170318132005038,2
170318133021008,1
170318135002014,1
170318135003023,5
170318136003025,2
170318136003027,2
170318136003031,3
170318137012017,1
170318137023000,2
170318138012006,1
170318138013001,5
170318138013010,3
170318138013011,1
170318138023001,2
170318139001001,1
170318139001003,1
170318139001004,1
170318139005003,3
170318140001007,2
170318140001008,3
170318141001002,7
170318142001012,1
170318142001034,3
170318144005012,1
170318144005015,2
170318145001041,1
170318145001048,2
170318145002000,5
170318146001000,3
170318147001001,2
170318147004001,1
170318147005008,1
170318148002034,1
170318148002035,3
170318148002037,2
170318148003000,4
170318148003002,2
170318148003003,1
170318148005001,1
170318148005017,2
170318148005023,1
170318149002026,3
170318149002028,2
170318149003021,1
170318149003025,2
170318149003027,3
170318149003028,2
170318149003029,3
170318150001017,2
170318150002017,2
170318150003017,1
170318151001006,1
170318151002004,6
170318151003007,1
170318152001022,1
170318152004024,2
170318152005001,1
170318153004006,1
170318153004020,3
170318153004021,3
170318153004023,1
170318154001014,62
170318154001028,44
170318154001033,30
170318154002002,7
170318154002005,2
170318154002006,2
170318154002007,21
170318154003037,2
170318154003051,1
170318154003057,1
170318154004004,1
170318154004027,4
170318155006012,1
170318156001002,5
170318156002035,1
170318156004004,3
170318157011012,1
170318157013002,1
170318157014004,6
170318157014005,7
170318157014007,1
170318157014011,16
170318157021003,1
170318157022002,1
170318157022011,1
170318159002017,1
170318159003025,2
170318160001002,2
170318160001025,2
170318160003001,1
170318161002015,3
170318161004021,1
170318161004048,12
170318161006037,7
170318161006043,5
170318162001001,6
170318163001008,2
170318163001015,5
170318163004028,2
170318164013027,1
170318164013028,1
170318164014000,2
170318164014010,3
170318164023030,20
170318164023033,2
170318164023034,27
170318164023038,1
170318164024011,2
170318165002033,2
170318167002001,1
170318167002005,5
170318168001022,1
170318168001070,2
170318168004000,2
170318169001030,1
170318170004008,1
170318171011020,1
170318172004006,2
170318175001012,1
170318175001017,1
170318175001019,14
170318175001035,1
170318175003007,2
170318176002018,2
170318179001037,2
170318179002003,4
170318179002008,14
170318179002029,71
170318179002041,773
170318179004001,1
170318179004003,1
170318180001023,1
170318180002002,1
170318180002004,2
170318181002003,2
170318181002014,1
170318182002024,2
170318182002027,2
170318182002029,4
170318182004006,2
170318182004013,2
170318183001006,1
170318183002016,1
170318184013004,2
170318184014003,2
170318184022015,7
170318185001005,1
170318185003001,15
170318185003002,4
170318185003021,3
170318185004003,12
170318186002011,1
170318186002060,1
170318187002012,2
170318187004008,1
170318187004014,1
170318187004021,1
170318188001003,1
170318188002000,1
170318188003001,1
170318188005040,1
170318189001001,1
170318189002014,7
170318189002017,9
170318189003007,3
170318191001000,2
170318191001010,2
170318191003013,1
170318191004027,1
170318193001017,1
170318193001019,2
170318193002037,1
170318193002041,2
170318195001005,1
170318195002004,1
170318195002009,4
170318195002011,1
170318195002013,2
170318195002015,2
170318195003014,6
170318196003006,1
170318197002006,1
170318197002034,1
170318197004010,8
170318198012015,3
170318198012017,5
170318198014000,1
170318198014008,1
170318198014014,1
170318198021000,5
170318198022012,1
170318198022023,1
170318199002026,1
170318200001002,1
170318200002000,1
170318201012000,5
170318201012023,3
170318201013007,1
170318201013015,2
170318201013023,4
170318201014001,1
170318201014007,1
170318201014009,9
170318201015000,2
170318201015020,1
170318201032001,1
170318201034002,15
170318201034007,11
170318201034008,76
170318201042004,5
170318201042005,1
170318201042020,1
170318201042025,1
170318201044024,1
170318202011015,2
170318202011029,1
170318202012017,19
170318202012038,2
170318202012039,3
170318202012040,2
170318202013013,1
170318202013032,1
170318202014019,1
170318202021013,4
170318202021234,1
170318202022056,1
170318202022061,1
170318202023024,1
170318203002013,1
170318203004018,1
170318204001015,1
170318204001016,1
170318204003024,2
170318205023000,1
170318205024006,3
170318205024011,2
170318206031027,1
170318206033017,1
170318206042006,2
170318206061001,1
170318206061011,1
170318206062000,4
170318207001015,1
170318207004030,1
170318208002007,1
170318209011001,2
170318209011029,1
170318209011036,1
170318209011059,1
170318209011085,3
170318209013019,1
170318209021001,4
170318209021041,1
170318209022025,1
170318209023024,2
170318210013028,1
170318211011000,1
170318211013011,1
170318211021000,1
170318211021001,2
170318211021004,2
170318211022001,12
170318211022005,1
170318211022012,2
170318211023006,1
170318212002028,1
170318212002031,1
170318212002038,15
170318212002039,25
170318212002040,9
170318212002042,1
170318212003006,1
170318212004044,1
170318216002001,1
170318217002005,8
170318217003015,1
170318217005008,2
170318217005009,4
170318217005013,1
170318217005014,1
170318217005015,2
170318217005016,5
170318217005027,3
170318217005032,1
170318218001004,80
170318218001006,2
170318218002001,3
170318218004006,1
170318218004011,1
170318218004022,3
170318218004026,7
170318218006025,1
170318218006029,2
170318219001000,14
170318219003000,1
170318219004007,3
170318220001001,26
170318220003007,1
170318221013013,6
170318221013016,9
170318221013020,5
170318221013025,1
170318221021010,404
170318221021011,8
170318221022018,2
170318221022019,5
170318221022020,13
170318221022022,3
170318221022034,1
170318221023000,8
170318221023003,5
170318221024003,1
170318221024004,13
170318223011002,2
170318223014000,1
170318223022001,1
170318223022005,2
170318223022008,1
170318223022015,2
170318223023000,1
170318223023004,5
170318223023037,3
170318223024006,2
170318223024011,1
170318223024021,5
170318223024022,7
170318224001000,2
170318224002008,7
170318224003002,3
170318224003003,5
170318224003004,1
170318225003012,3
170318225003013,3
170318225003017,6
170318225003024,5
170318225004017,1
170318225004031,2
170318225004041,2
170318225004045,2
170318226011003,1
170318226011012,2
170318226012019,1
170318226021000,1
170318226022034,5
170318227021033,8
170318227022008,2
170318227022010,2
170318227022011,4
170318227023001,4
170318227023003,9
170318227023009,2
170318228011000,10
170318228011010,2
170318228011012,5
170318228011016,24
170318228011017,1
170318228021019,1
170318228023008,1
170318229001003,5
170318230011038,19
170318230011048,1
170318230013006,1
170318230014005,1
170318230015002,2
170318230015005,11
170318230021020,1
170318230024023,1
170318230024027,2
170318231014007,3
170318231015003,1
170318231015023,2
170318231022001,2
170318232001002,2
170318232002037,2
170318233032007,1
170318233033006,1
170318233035006,1
170318233042005,15
170318233045010,1
170318233046002,1
170318234003003,2
170318234004037,1
170318235001031,3
170318236022009,2
170318236024015,1
170318236024027,7
170318236031047,4
170318236032009,2
170318236041007,1
170318236041021,3
170318236041034,1
170318236042008,9
170318236042014,8
170318236042015,1
170318236043000,9
170318236043003,1
170318236043005,3
170318236051005,2
170318236051019,4
170318236051029,4
170318237021001,6
170318237021018,1
170318237021019,2
170318237022002,1
170318237023000,1
170318237024006,1
170318237032012,2
170318237032018,1
170318237032020,3
170318237033007,2
170318237033013,1
170318237034001,2
170318237042009,1
170318237051000,1
170318237053004,3
170318237054024,1
170318238011009,1
170318238011056,1
170318238012010,1
170318238012022,22
170318238031001,1
170318238031004,2
170318238031011,12
170318238031027,2
170318238034014,1
170318238034015,1
170318238053000,2
170318238061000,1
170318238061025,1
170318238061032,1
170318238064006,1
170318238064009,7
170318239011000,1
170318239011002,11
170318239011008,1
170318239011025,1
170318239011072,3
170318239011074,1
170318239011077,1
170318239012031,11
170318239012033,7
170318239012038,5
170318239012046,7
170318239031002,14
170318239031003,34
170318239031007,26
170318239031038,2
170318239031040,23
170318239031042,53
170318239032009,1
170318239041009,1
170318239041018,9
170318239041019,3
170318239042000,1
170318239042017,4
170318239042018,3
170318239042032,7
170318239043000,1
170318239043008,1
170318240031036,2
170318240031039,7
170318240031047,1
170318240032022,1
170318240033000,1
170318240033001,1
170318240041146,3
170318240042061,1
170318240051064,4
170318240051081,1
170318240052031,4
170318240052035,1
170318240053004,6
170318240053034,1
170318240062052,1
170318241052004,1
170318241052005,1
170318241062006,3
170318241062018,2
170318241063029,1
170318241074007,4
170318241074019,1
170318241081007,2
170318241083010,17
170318241131018,1
170318241131020,1
170318241132000,2
170318241132030,1
170318241133037,1
170318241133041,1
170318241141003,1
170318241141012,3
170318241141013,2
170318241141045,1
170318241151013,3
170318241151017,19
170318241151018,5
170318241152008,3
170318241152009,4
170318241152013,2
170318241161010,8
170318241161011,1
170318241161028,1
170318241161036,5
170318241161037,5
170318241161048,1
170318241162000,1
170318241162005,6
170318241162010,1
170318241163001,1
170318241164000,3
170318241164004,32
170318241171003,20
170318241174004,2
170318241202007,26
170318241202019,4
170318241202026,18
170318241202027,23
170318241202028,7
170318241202047,11
170318241202062,1
170318241202063,7
170318241203000,13
170318241203011,3
170318241203036,1
170318241204066,1
170318241221000,3
170318241221013,1
170318241231000,1
170318241231012,1
170318241232000,3
170318241232001,1
170318241232003,1
170318244001008,1
170318244001010,8
170318244001011,1
170318245034043,1
170318245051015,3
170318245051017,3
170318245052020,13
170318245053007,4
170318245062004,1
170318245063028,1
170318245064000,2
170318245064010,3
170318245064025,2
170318245071000,1
170318245071001,15
170318245071004,7
170318245071007,1
170318245071013,4
170318245071022,2
170318245072039,8
170318246013020,1
170318246014007,1
170318246022012,1
170318246022020,1
170318246022030,1
170318246023000,1
170318247011009,1
170318247011025,1
170318249001023,3
170318250001020,1
170318250001032,1
170318250003005,1
170318252002011,12
170318253031004,3
170318253032009,1
170318253032011,1
170318253033002,2
170318253033005,2
170318253041000,3
170318253041004,2
170318253042000,4
170318254002000,1
170318254002022,3
170318254002023,5
170318255033015,4
170318255033023,20
170318255034003,1
170318255034004,2
170318255035012,1
170318255035021,1
170318255041000,32
170318255042000,50
170318255042033,1
170318258021030,1
170318258035001,3
170318259002005,1
170318260002017,1
170318261003038,1
170318261003046,2
170318262011017,1
170318262014002,5
170318262014019,4
170318262021061,1
170318262023000,2
170318263011005,1
170318263012005,5
170318263013007,1
170318263013011,1
170318263041003,1
170318263041004,1
170318264023030,2
170318266003006,1
170318266004023,4
170318268002032,1
170318269011012,1
170318272001049,2
170318272003044,14
170318272003046,1
170318273002011,1
170318274001019,10
170318274001026,84
170318274002005,10
170318274002006,1
170318274002007,4
170318277001035,1
170318277001054,1
170318278011003,1
170318278013000,1
170318278013001,1
170318278013003,6
170318278014037,1
170318278021018,1
170318278022013,7
170318278052004,2
170318279011001,9
170318279012003,2
170318279025003,1
170318280003032,1
170318281001037,2
170318281003019,1
170318281003021,1
170318281004001,1
170318282023012,2
170318282023013,3
170318282024005,1
170318284011034,1
170318284012019,3
170318284013007,2
170318284014011,3
170318284014013,3
170318284014020,1
170318284014021,2
170318284014022,1
170318284014027,2
170318284022008,1
170318284023003,10
170318285032005,1
170318285041000,1
170318285055000,4
170318285055039,1
170318285055047,1
170318286011010,1
170318286014020,6
170318286022023,1
170318287012004,1
170318287021011,1
170318288012021,1
170318288013002,3
170318288015003,2
170318288015012,1
170318288015013,2
170318288015018,5
170318288021000,1
170318288022015,1
170318288022023,1
170318289002022,1
170318289003013,32
170318289003032,12
170318289003038,2
170318289003044,2
170318292002000,2
170318292003004,2
170318293011002,2
170318293011026,4
170318293011027,1
170318293021016,1
170318293022004,2
170318293022005,1
170318293022006,2
170318293023002,1
170318294011003,2
170318295003009,2
170318295003012,1
170318296002009,1
170318296002011,1
170318297002047,3
170318298001005,3
170318298001018,2
170318298003008,1
170318298003013,1
170318298004000,1
170318298005007,1
170318298005015,1
170318299014082,2
170318299021000,1
170318299022001,2
170318299023025,24
170318299023044,1
170318299023045,1
170318299023047,12
170318299023053,1
170318299023055,4
170318300041003,1
170318300042020,2
170318300042027,2
170318300043001,12
170318300043042,1
170318300043057,1
170318300043073,1
170318300051002,3
170318300051003,3
170318300051004,1
170318300051006,80
170318300051009,42
170318300051011,2
170318300051012,7
170318300051013,2
170318300052006,2
170318300052013,1
170318300052031,3
170318300052036,7
170318300052040,1
170318300061004,1
170318300061005,1
170318300072006,2
170318300073013,1
170318302012037,1
170318302021017,2
170318303002007,1
170318303002023,1
170318305002009,2
170318305002010,2
170318306001012,1
170318306002001,1
170318306002002,3
170318306002019,1
170318306003006,1
170318307002000,7
170318307002001,1
170318307002002,1
170318307002007,6
170318308001004,1
170318308001009,8
170318308001010,12
170318308002004,9
170318308003004,1
170318308003005,1
170318309002016,1
170318309002020,1
170318309003000,1
170318310001007,1
170318311001001,5
170318311003018,1
170318311003024,2
170318311004023,4
170318312003001,1
170318314002006,14
170318314002055,4
170318315001015,1
170318315001042,2
170318315001045,4
170318316003006,2
170318316004001,13
170318316004011,1
170318316004015,1
170318317001002,1
170318317001010,15
170318317001020,1
170318317001023,7
170318318002014,1
170318318005006,1
170318319002006,4
170318319002009,2
170318322002028,3
170318323001048,1
170318323001060,1
170318323001079,1
170318325001001,2
170318325001005,4
170318325001014,2
170318325002003,1
170318325002041,1
170318325002043,4
170318325002048,2
170318326002021,1
170318326003006,1
170318329001009,1
170318329002017,1
170318330001014,1
170318330001017,2
170318330001052,1
170318330002016,1
170318330002071,7
170318330002074,1
170318330002111,1
170318331001007,2
170318331001012,1
170318331001018,3
170318331001023,5
170318331003011,1
170318331003033,5
170318333001008,1
170318333001022,4
170318333001028,1
170318339002014,1
170318339002015,1
170318339002025,2
170318342002005,7
170318342002024,48
170318343004016,1
170318343004019,2
170318344002009,5
170318348001002,3
170318348002024,3
170318350001004,1
170318350003017,1
170318351001040,1
170318351004001,1
170318352001034,7
170318352001044,5
170318356002031,2
170318356002032,1
170318357001000,2
170318362001007,20
170318362001008,42
170318362001009,1016
170318362001011,5
170318362001022,8
170318364002003,1
170318364002016,10
170318365002008,1
170318366001013,1
170318367001022,1
170318378001033,1
170318378001040,5
170318378002017,1
170318380001002,1
170318380001016,1
170318380002032,12
170318380002033,14
170318381001002,1
170318381001007,1
170318381002030,3
170318381002038,41
170318381002041,40
170318381002042,2
170318381003013,23
170318381003014,1
170318381003017,21
170318381003018,432
170318381003019,11
170318381003022,1
170318382001007,123
170318382001008,2
170318382001014,2
170318382001017,1
170318382001018,61
170318382002002,80
170318382002004,33
170318382002005,315
170318382002006,249
170318382002008,1
170318382002009,3
170318382002010,24
170318382002014,49
170318382002017,413
170318382002018,264
170318382002020,88
170318382002021,7
170318382002022,4
170318382002039,1
170318382002040,7
170318382002043,6
170318382002059,81
170318387001030,2
170318390001000,1
170318390001001,1
170318390002001,1
170318390002002,1
170318390003002,5
170318390004001,1
170318390004003,2
170318391001034,2
170318391001048,1
170318391001053,1
170318391001054,1
170318391001057,1
170318391001058,1
170318391001064,5
170318391001066,5
170318391001067,2
170318391001068,10
170318391001070,5
170318391001086,4
170318391001089,2
170318391001098,1
170318391001103,1
170318391001106,3
170318391002000,1
170318391002001,8
170318391002006,1
170318391002012,1
170318391002013,4
170318391002046,2
170318392002002,7
170318392002010,11
170318392002020,2
170318395001006,1
170318396002017,2
170318397002003,1
170318397002009,1
170318397002011,4
170318397002016,3
170318398002006,2
170318399001007,1
170318399004001,1
170318401002012,4
170318401002023,1
170318402001051,2
170318402001054,1
170318403002015,5
170318404001032,1
170318404002033,1
170318407001000,31
170318407002000,1
170318407003002,13
170318407003011,1
170318408001003,7
170318410001022,1
170318410001031,2
170318410001055,12
170318410001057,119
170318410001062,37
170318411001013,1
170318411001021,5
170318411001036,2
170318411002002,3
170318411002004,4
170318411003047,1
170318411004021,1
170318412002022,1
170318412002036,1
170318413001001,1
170318413002000,1
170318413002031,3
170318413002033,1
170318413003004,1
170318419001064,1
170318419002029,4
170318419002036,1
170318419002041,9
170318419002074,4
170318422001003,21
170318422001009,11
170318422001012,46
170318422001013,2
170318422001017,1
170318422001027,4
170318422001057,11
170318422001062,2
170318423001000,6
170318423001060,4
170318423002018,2
170318424002040,1
170318424002055,1
170318426002027,1
170318426002059,1
170318428004022,1
170318428004038,3
170318429001008,2
170318429004016,1
170318429004017,6
170318429004029,2
170318429004038,1
170318429004072,17
170318429004090,6
170318430001012,1
170318430001033,1
170318431001008,13
170318431002018,3
170318432002051,1
170318433001023,3
170318433001029,10
170318433001030,8
170318433001033,1
170318433001034,100
170318433001035,21
170318433001044,37
170318435001019,1
170318435001023,18
170318436002009,5
170318437001002,4
170318437001011,1
170318437001015,3
170318439001008,7
170319800001000,2
170438400001019,1
170438401011016,1
170438401011019,1
170438401011021,2
170438401011025,1
170438401012022,1
170438401013028,2
170438401014000,1
170438401014060,1
170438401014061,1
170438401021007,1
170438401032003,1
170438401034000,1
170438401034003,1
170438401034070,1
170438401041043,4
170438401043003,1
170438401044001,3
170438402011036,1
170438402011063,1
170438402012000,2
170438402013005,1
170438402022022,1
170438402022029,2
170438402022030,3
170438402023021,2
170438402024001,1
170438403032000,1
170438403033000,11
170438403041000,1
170438403041002,6
170438406001002,7
170438406001011,2
170438406001012,1
170438406002000,1
170438406002010,6
170438406002011,2
170438406003009,6
170438407031027,1
170438407032007,2
170438407041008,1
170438407042008,2
170438407051000,1
170438407062018,1
170438408012011,1
170438408023007,1
170438408023011,1
170438408023015,1
170438409012000,1
170438409012007,1
170438409042000,4
170438409042006,2
170438409042007,1
170438409042027,1
170438409061006,1
170438409071000,1
170438409071005,1
170438409071030,20
170438409082001,14
170438409104005,1
170438409112006,1
170438409112014,1
170438410022030,2
170438410031035,1
170438410032013,3
170438411023014,1
170438411031002,1
170438411031016,2
170438411032017,3
170438411032028,3
170438411033006,1
170438411041030,1
170438411041038,1
170438411081000,3
170438411082001,3
170438411082007,3
170438411092007,1
170438411093008,1
170438411102002,10
170438411111006,2
170438411112003,10
170438411112004,1
170438411112005,2
170438411112006,1
170438411112013,10
170438411112014,1
170438411121000,1
170438411122003,1
170438411131000,3
170438411132013,1
170438411132017,1
170438411142004,1
170438411142022,12
170438411142025,6
170438411142026,3
170438411142030,13
170438411142031,13
170438412062001,1
170438412063000,3
170438412091000,2
170438412092000,1
170438413081032,12
170438413083000,1
170438413083040,6
170438413161010,3
170438413161013,2
170438413162000,1
170438413182014,2
170438413202004,1
170438413231008,1
170438413232002,2
170438413241003,1
170438413251000,5
170438413253000,3
170438413261001,2
170438413261074,2
170438413272000,2
170438414012049,79
170438414013035,2
170438414031001,1
170438414031022,1
170438414032002,2
170438414032011,1
170438414033013,1
170438414033027,201
170438414041028,7
170438414042055,3
170438415013016,2
170438415032015,1
170438415042033,2
170438415042034,2
170438416031104,1
170438416032001,1
170438416032005,1
170438416052001,1
170438416061007,1
170438416062015,8
170438416062034,2
170438416072002,2
170438416073009,1
170438417031000,2
170438417032001,1
170438417033001,3
170438417034011,17
170438417034012,1
170438417042000,1
170438417042010,6
170438417042024,1
170438417042027,1
170438417043036,2
170438417052001,3
170438417052010,1
170438417053015,1
170438417061000,2
170438418011006,30
170438418012010,1
170438418013004,1
170438418013018,9
170438418013020,2
170438418021022,15
170438418022029,3
170438418023001,1
170438419021026,1
170438419023009,2
170438419023010,1
170438421002020,1
170438421003022,3
170438421003027,1
170438422001015,2
170438422001016,1
170438422001018,62
170438422001019,1
170438422003005,4
170438422003006,1
170438422003013,2
170438422003015,1
170438423002010,1
170438424001019,1
170438424003004,1
170438424003005,1
170438424003008,8
170438424003011,1
170438425001026,2
170438425001028,4
170438425001032,5
170438425001034,2
170438425001047,2
170438425001049,3
170438425002047,1
170438426011002,24
170438426011009,2
170438426021022,3
170438426022002,2
170438426031024,1
170438426031026,6
170438426033010,2
170438426033018,2
170438426041011,16
170438426044000,6
170438426044002,5
170438426053000,1
170438427021001,10
170438427021009,2
170438427021011,6
170438427023018,2
170438427032002,12
170438427061003,11
170438427061005,1
170438427062017,1
170438427062031,1
170438427063015,1
170438427082001,3
170438427082004,8
170438427101016,1
170438427102001,1
170438428001005,3
170438428001006,1
170438428001010,13
170438428002005,1
170438428004019,1
170438429001015,9
170438429001017,1
170438429001022,8
170438429001023,1
170438429001024,10
170438429002006,3
170438429002007,23
170438429002018,2
170438430002003,1
170438430003000,1
170438430003004,2
170438430003012,1
170438431003005,1
170438431003018,1
170438432001015,4
170438432004002,1
170438433013000,1
170438434002014,1
170438435001006,1
170438435001012,2
170438435001021,1
170438435002002,2
170438435003003,12
170438435003027,1
170438437001005,1
170438437003002,1
170438438001003,4
170438439001016,4
170438439001019,1
170438439003011,1
170438440012022,1
170438440012023,1
170438440021021,3
170438440022004,2
170438440022006,1
170438441002025,1
170438442011008,1
170438442011012,5
170438442012021,1
170438442012023,1
170438442013019,1
170438442014006,1
170438442014011,1
170438442014012,6
170438442014013,4
170438442022012,1
170438442022015,1
170438442022018,1
170438443011015,7
170438443013006,1
170438443013024,2
170438443013030,26
170438443013033,3
170438443014003,1
170438443014005,1
170438443014007,10
170438443014011,2
170438443014022,22
170438443014025,2
170438443014027,9
170438443042001,5
170438443051000,1
170438443051006,1
170438443052007,3
170438443063000,5
170438443063008,24
170438443063036,11
170438443063050,1
170438443071007,2
170438443072000,1
170438443073004,1
170438443073015,1
170438443073033,2
170438444011005,1
170438444011009,1
170438444011013,1
170438444011015,4
170438444012000,4
170438444012005,1
170438444012007,1
170438444012017,4
170438444012035,1
170438444013004,4
170438444013005,7
170438444013010,4
170438444013014,1
170438444013017,2
170438444013018,2
170438444013024,4
170438444013025,20
170438444021000,3
170438444021002,6
170438444021006,26
170438444021007,3
170438444021008,1
170438444021009,1
170438444021019,1
170438444021034,1
170438444021038,1
170438444021041,2
170438444022011,28
170438444022012,2
170438444022016,112
170438444022021,7
170438444023006,1
170438445011016,3
170438445011017,2
170438445011021,2
170438445011022,1
170438445011027,1
170438445013005,5
170438445013020,1
170438445013027,1
170438445021003,1
170438445021013,2
170438445021024,1
170438445022001,10
170438445022003,1
170438445022013,2
170438445023002,5
170438445023009,2
170438445023014,1
170438446011028,1
170438446011048,2
170438446011060,2
170438446011062,11
170438446011063,19
170438446011074,20
170438446012002,2
170438446012015,15
170438446012037,1
170438446012052,40
170438446012054,26
170438446012092,1
170438446013024,2
170438446022005,1
170438446022016,2
170438446022022,1
170438446022024,2
170438446022030,1
170438446023016,4
170438446023028,125
170438446023030,42
170438446023037,15
170438447011000,3
170438447011026,1
170438447012018,2
170438447013003,2
170438447013004,2
170438447013007,1
170438447013010,2
170438447014004,2
170438447021001,10
170438447021002,4
170438447021003,41
170438447021004,20
170438447021005,1
170438447021006,15
170438447021009,1
170438447022005,1
170438447022016,2
170438447022018,18
170438447022021,1
170438447022025,14
170438447023009,1
170438447023014,1
170438447024000,1
170438447024005,3
170438447024006,1
170438447024007,9
170438447024012,3
170438448011004,4
170438448012013,1
170438448012015,1
170438448012023,25
170438448012025,2
170438448021003,2
170438448021006,1
170438448021009,1
170438448022004,4
170438448022031,1
170438448022042,1
170438449011008,1
170438449011010,1
170438449011020,2
170438449011028,5
170438449011029,4
170438449011039,3
170438449021012,6
170438449022000,1
170438449022015,2
170438449022016,1
170438449022017,3
170438449023009,2
170438449023039,7
170438450002007,2
170438450004016,1
170438450004017,1
170438451001000,1
170438451002009,1
170438451002014,2
170438451002019,1
170438451003006,3
170438451003014,1
170438452001020,18
170438452001021,5
170438452001022,7
170438452003007,1
170438453001006,73
170438453001007,23
170438453001020,2
170438453001036,1
170438453001039,1
170438453002009,1
170438453002010,2
170438453002011,4
170438453002027,6
170438453002028,2
170438453002040,4
170438454011012,1
170438454013001,2
170438454013006,2
170438454021007,1
170438454021012,1
170438454022046,14
170438454022054,1
170438455022005,1
170438455022012,1
170438455061003,1
170438455061008,1
170438455062002,5
170438455072021,2
170438455081003,3
170438455081039,1
170438455082020,1
170438455091010,1
170438455092003,1
170438455092011,1
170438455102011,1
170438456011011,1
170438456013010,5
170438456023000,1
170438456023011,2
170438457011008,2
170438457024013,1
170438457034006,2
170438457041005,1
170438457042003,1
170438457042013,1
170438457043003,27
170438458022003,1
170438458022007,1
170438458022012,1
170438458031219,1
170438458051008,1
170438458071017,1
170438458075000,1
170438458075007,3
170438458082000,2
170438458091000,9
170438458092005,1
170438458093000,1
170438458093005,2
170438458093034,1
170438458101004,8
170438458101016,2
170438458103005,1
170438458112012,1
170438459012010,1
170438459012018,1
170438459021006,1
170438459021013,31
170438459021036,2
170438459021045,19
170438459021048,2
170438459022009,1
170438459022010,1
170438459022020,1
170438459022021,1
170438459022026,1
170438460021006,1
170438460023016,28
170438460023023,4
170438460023040,1
170438460023059,1
170438460033017,1
170438460034007,1
170438460034015,2
170438460034017,2
170438460034019,1
170438460041005,1
170438460042002,2
170438460042006,1
170438460043042,1
170438461021017,1
170438461021025,1
170438461022011,3
170438461022019,2
170438461022034,2
170438461032015,3
170438461032023,2
170438461032027,1
170438461033027,4
170438461033028,1
170438461041018,1
170438461041026,5
170438461042004,2
170438461042009,3
170438461052002,2
170438461052007,1
170438461052020,1
170438461053000,3
170438461053001,1
170438461053005,2
170438461053006,18
170438461061000,2
170438461061031,3
170438461061035,6
170438461061036,1
170438461061037,1
170438461062001,1
170438462013016,1
170438462013025,2
170438462021000,2
170438462023009,2
170438462024002,1
170438462031000,2
170438462031008,16
170438462031010,1
170438462033001,1
170438462033009,3
170438462033027,2
170438462061002,3
170438462062004,3
170438462082028,4
170438462091022,1
170438463043004,1
170438463044013,1
170438463053003,2
170438463054002,5
170438463071021,8
170438463072021,1
170438463072036,1
170438463081000,12
170438463102005,1
170438463122009,1
170438463122034,11
170438463131007,1
170438463131026,2
170438463131028,1
170438463131029,6
170438463131030,3
170438463131031,2
170438463133017,1
170438463142012,1
170438463153016,1
170438464041002,3
170438464041018,2
170438464042000,1
170438464042009,3
170438464043003,1
170438464043007,9
170438464044021,2
170438464052018,1
170438464052019,3
170438464052040,15
170438464052085,16
170438464052086,2
170438464052099,2
170438464081018,1
170438464092038,1
170438464092047,4
170438464101018,2
170438464102000,1
170438464112000,1
170438464122005,1
170438464123000,30
170438464123002,1
170438464123007,3
170438464131001,28
170438464131021,2
170438464131023,3
170438464131054,6
170438464131061,5
170438464132004,1
170438464132005,2
170438465041014,2
170438465041026,1
170438465041030,8
170438465041031,3
170438465042005,1
170438465042014,1
170438465042030,5
170438465042033,29
170438465042037,1
170438465042038,2
170438465042046,38
170438465042047,2
170438465042048,192
170438465042050,1
170438465091000,1
170438465091003,4
170438465091009,4
170438465091013,1
170438465102002,2
170438465102004,3
170438465102006,1
170438465102012,17
170438465102013,2
170438465132000,10
170438465132007,1
170438465141000,1
170438465141006,2
170438465142003,7
170438465171000,1
170438465172013,4
170438465172014,1
170438465172018,1
170438465172020,1
170438465182015,1
170438465192011,1
170438465192012,1
170438465213003,6
170438465222000,41
170438465222001,12
170438465222002,8
170438465222010,1
170438465231013,2
170438465243021,5
170438465243029,1
170438465243039,3
170438465243040,1
170438466041004,4
170438466041005,1
170438466043009,5
170438467011005,3
170438467011006,1
170438467011013,3
170438467021036,3
170898501031020,1
170898501031022,5
170898501032020,4
170898501032034,1
170898501051022,2
170898501052026,1
170898501063018,1
170898501064019,1
170898501064025,1
170898502023014,2
170898503012000,1
170898503021000,1
170898504001002,1
170898504001017,4
170898504001024,3
170898504001027,1
170898505002005,2
170898505004002,1
170898506001038,2
170898506002034,1
170898506002036,1
170898506002038,2
170898506003011,1
170898506003032,9
170898506003033,35
170898506003034,8
170898506003040,6
170898506003041,62
170898506003061,1
170898507012019,1
170898507013057,1
170898507021000,3
170898507021002,2
170898507021164,1
170898507021194,3
170898507022083,2
170898507024060,1
170898507032020,1
170898508001014,1
170898508001016,3
170898508001017,1
170898508002001,27
170898508002014,1
170898508003025,1
170898511011001,3
170898511013010,1
170898511022008,1
170898511022019,1
170898513011004,4
170898513021003,1
170898513021006,7
170898513021007,2
170898513022002,7
170898513023000,4
170898513023007,4
170898515001020,5
170898518011005,3
170898518012063,1
170898518014010,1
170898518014023,6
170898519042008,2
170898519042009,1
170898519043017,4
170898519043020,53
170898519043026,12
170898519043033,2
170898519043036,1
170898519044015,1
170898519051006,1
170898519051037,1
170898519052000,1
170898519052041,3
170898519052068,6
170898519073000,1
170898519073020,3
170898519073030,1
170898519081005,1
170898519082030,1
170898519083008,1
170898519092003,1
170898519092004,1
170898519092014,2
170898519101007,1
170898519101012,1
170898519101016,1
170898519102005,12
170898519102013,29
170898519102014,18
170898519103005,2
170898519103006,1
170898520024000,2
170898520024001,4
170898520024012,3
170898520031010,1
170898520031023,1
170898520032016,6
170898520032021,1
170898520033002,1
170898520033031,27
170898520033033,1
170898521011016,22
170898521011017,11
170898521012000,2
170898521012002,4
170898521012019,1
170898521022011,1
170898521024030,2
170898522011004,1
170898522011014,2
170898522014029,3
170898522021000,1
170898522021022,1
170898522021026,14
170898522021027,2
170898522022004,2
170898522022010,1
170898522022021,1
170898522022033,1
170898522023000,4
170898522023009,1
170898522023041,1
170898523001000,1
170898523001024,3
170898523001033,2
170898523001036,1
170898523001044,1
170898523001064,1
170898523002002,1
170898523002011,1
170898523002014,1
170898523002017,1
170898523002019,1
170898523002031,1
170898523002034,1
170898523002036,1
170898524021011,6
170898524021016,2
170898524021024,1
170898524022040,1
170898524023030,1
170898524031089,1
170898525001044,1
170898525003007,3
170898525003009,1
170898525005021,1
170898526011015,1
170898526011016,2
170898526011032,2
170898526011042,1
170898526011044,2
170898526012007,6
170898526012013,1
170898526012021,1
170898526013003,1
170898526013007,2
170898526013008,1
170898526013010,3
170898526013019,2
170898526013021,4
170898526013038,1
170898526013039,1
170898526013057,1
170898526014013,2
170898526061042,1
170898526062009,1
170898527002017,1
170898527003002,1
170898527003005,3
170898527003021,1
170898527003024,1
170898527004009,1
170898527004012,1
170898527004014,3
170898528032019,3
170898528061052,4
170898528061087,1
170898528083002,1
170898529032073,1
170898529041028,2
170898529041044,1
170898529051005,1
170898529053010,5
170898529053022,12
170898529053023,12
170898529053024,33
170898529053025,61
170898529053026,3
170898529061008,4
170898529063000,2
170898529063002,3
170898529073014,1
170898530011003,3
170898530011017,4
170898530011042,24
170898530041023,3
170898530042004,4
170898530042016,5
170898535002008,1
170898544002004,1
170898544004034,2
170898544004036,3
170898544004053,7
170898544004056,2
170898544004067,3
170898544004072,16
170898544004073,11
170898544004074,121
170898545011008,1
170898545011046,1
170898545014008,1
170898545042009,1
170898546002006,1
170898546003046,5
170898548001000,3
170898548001003,19
170898548001052,1
170898548002000,10
170898548002025,6
170898548002026,1
170898548002045,78
170898548003003,3
170898548003034,23
170898548003039,2
170898548003040,6
170898549001005,8
170938901011193,2
170938901011202,4
170938901011223,3
170978609042167,1
170978611051001,1
170978611052012,1
170978611061039,1
170978611061058,1
170978611062000,2
170978611062035,13
170978611062038,1
170978611062047,22
170978611062051,6
170978611062079,5
170978611062081,4
170978611063003,2
170978611063033,2
170978611082000,1
170978611082005,1
170978611082014,1
170978611082017,2
170978611082023,2
170978614021020,1
170978614022037,1
170978614032004,1
170978615042002,22
170978615042003,42
170978615042004,4
170978615042005,11
170978615043055,2
170978615092044,7
170978615102027,8
170978615103000,5
170978615103018,13
170978615103019,17
170978616032035,9
170978616032044,1
170978616032056,4
170978616032059,1
170978616072024,2
170978616101001,1
170978616111031,2
170978622002051,1
170978625021003,3
170978626033014,1
170978626034009,10
170978626041015,1
170978626043000,1
170978626043010,17
170978626052000,2
170978626052003,1
170978627001002,1
170978628001021,2
170978630031056,2
170978630031072,3
170978630042014,4
170978630042025,21
170978630042029,79
170978630051018,1
170978630051025,1
170978632012008,1
170978632013018,7
170978632022020,1
170978632023007,1
170978632023024,21
170978632023026,8
170978632024019,8
170978633001012,1
170978633001021,1
170978633003022,2
170978634002021,1
170978634002030,1
170978634003008,1
170978635001001,2
170978635001004,2
170978635001010,2
170978635002000,1
170978635002015,3
170978635002023,1
170978635003017,8
170978635003028,59
170978635003029,46
170978635003041,1
170978635003051,1
170978636011040,1
170978636012016,1
170978636012018,1
170978636031001,3
170978636031006,1
170978636031014,2
170978636032006,33
170978636032009,4
170978636032018,4
170978636041002,3
170978636041007,1
170978636042019,1
170978636042024,2
170978637013029,1
170978637021006,1
170978637021008,4
170978637021013,1
170978638011042,2
170978638011043,11
170978638011052,32
170978638012002,3
170978638012031,14
170978639021018,11
170978639021023,6
170978639021026,4
170978639023009,2
170978639023014,3
170978639023018,13
170978639031014,1
170978639032000,2
170978639032002,7
170978639032003,1
170978639033002,60
170978639033014,9
170978639033017,5
170978639042020,4
170978640013041,1
170978640013042,3
170978640021000,1
170978640022000,2
170978640022013,1
170978640022027,1
170978640022031,4
170978640024024,2
170978641011126,1
170978641011160,2
170978641051081,1
170978641052000,5
170978641052021,5
170978641063015,2
170978641071016,1
170978641082000,2
170978642042000,1
170978642042002,1
170978642042015,1
170978642051055,1
170978642052031,1
170978642061010,5
170978642061011,2
170978642061018,2
170978642061020,1
170978643033044,1
170978643051027,1
170978643052001,4
170978643061013,4
170978643061017,40
170978643061032,1
170978643062052,1
170978643071011,60
170978643071016,31
170978643071077,1
170978643071110,4
170978643081026,8
170978643082019,1
170978643082028,2
170978643082029,1
170978643082035,2
170978643083021,2
170978643083045,2
170978643083048,3
170978643083054,1
170978643083061,2
170978643083063,2
170978644031006,19
170978644031021,21
170978644033008,1
170978644033038,5
170978644033045,3
170978644033050,2
170978644071035,2
170978644072018,1
170978644072049,1
170978644072067,2
170978644083014,1
170978644083023,1
170978644083025,4
170978644092003,1
170978644092005,9
170978644092039,2
170978644092042,3
170978644092049,1
170978644101014,1
170978644103002,2
170978644111012,1
170978644112000,3
170978644112002,2
170978644112005,1
170978644112017,3
170978644121008,6
170978645051009,1
170978645052000,2
170978645053020,1
170978645053022,5
170978645053023,1
170978645054009,3
170978645054011,15
170978645054014,1
170978645054020,4
170978645054035,2
170978645054037,6
170978645054051,2
170978645054059,5
170978645054089,1
170978645054093,5
170978645111008,6
170978645111016,1
170978645121027,1
170978645121042,4
170978645122000,1
170978645122019,1
170978645131000,7
170978645131004,11
170978645131005,3
170978645131038,1
170978645131050,5
170978645132000,9
170978645141011,2
170978645151015,1
170978645162002,1
170978645163028,8
170978645163032,5
170978645182009,2
170978645183003,1
170978645183008,8
170978645191001,1
170978645191014,3
170978645191030,1
170978645191036,3
170978645191039,5
170978645192000,1
170978645201041,3
170978645203018,1
170978645211019,2
170978645211025,1
170978645221016,1
170978645222018,1
170978645223016,1
170978646011000,15
170978646011005,1
170978646011014,1
170978646012015,2
170978646012019,1
170978646012022,2
170978646021017,1
170978646021025,1
170978646021031,1
170978647003017,1
170978648011011,1
170978648011023,2
170978648011026,9
170978648011028,20
170978648021064,1
170978648021067,2
170978648021072,2
170978648021078,2
170978649012025,1
170978649031001,1
170978649031004,1
170978649031027,1
170978649041009,3
170978649041010,5
170978649041012,1
170978649041016,1
170978649041017,10
170978649041019,1
170978652001006,2
170978652004016,2
170978654001015,51
170978654001017,7
170978654001019,2
170978654002000,1
170978654002002,8
170978654002003,2
170978654002004,3
170978654002005,13
170978654002007,10
170978654002013,1
170978654003004,1
170978654003006,11
170978654003012,1
170978654003013,6
170978655011024,4
170978655012034,1
170978655021005,5
170978655021008,3
170978655021009,10
170978655021010,2
170978655022006,1
170978656001000,1
170978656002006,1
170978656002009,1
170978656004000,1
170978656004010,1
170978657001010,2
170978657003030,1
170978658012028,1
170978658012045,4
170978658021003,1
170978658022002,1
170978658022019,1
170978658022027,1
170978658022044,1
170978662001021,18
170978662001073,13
170978662003036,1
170978662003046,3
170978662003047,1
171118706031092,9
171118706043011,1
171118706043042,1
171118706043043,1
171118706051009,2
171118706052035,7
171118706062003,1
171118706062008,1
171118706062009,1
171118706062013,2
171118706062017,1
171118706063018,1
171118708031045,4
171118708034013,6
171118708034019,2
171118708034020,75
171118708034021,1
171118708034023,12
171118708034035,3
171118708071029,1
171118708071030,2
171118708071033,2
171118708071044,1
171118708072034,3
171118708072044,1
171118708081018,4
171118708081019,20
171118708081029,5
171118708081061,19
171118708091013,3
171118708091050,10
171118708091052,15
171118708113016,1
171118709021020,1
171118709023001,28
171118709023034,35
171118709051001,3
171118709052041,1
171118711041016,3
171118711041041,15
171118711061033,1
171118711072015,3
171118711081004,1
171118712011000,1
171118712013003,1
171118712021003,3
171118712021004,8
171118712021016,6
171118712021017,3
171118712051000,3
171118712052028,2
171118712052035,2
171118712052037,1
171118712061012,1
171118712062000,3
171118712062003,8
171118712062016,1
171118712062020,2
171118712062022,3
171118712062027,12
171118712062029,2
171118712062039,16
171118712062044,3
171118712071034,1
171118712072013,1
171118712072015,1
171118712091042,6
171118713011005,3
171118713011007,1
171118713012000,1
171118713014000,1
171118713014021,16
171118713014025,15
171118713014052,26
171118713014053,7
171118713041075,3
171118713064031,1
171118713064045,1
171118713064046,1
171118713064048,3
171118713064050,1
171118713064051,3
171118713064089,2
171118713064091,1
171118713064104,1
171118713073023,1
171118713103003,1
171118713103006,1
171118713103018,3
171118713111038,1
171118713112011,1
171118713113001,1
171118714021035,1
171118714021038,1
171118714023010,1
171118714023012,13
171118714041020,3
171118714041026,1
171118714041030,3
171118714042037,1
171118715003054,5
171118716005009,3
171978801051009,8
171978801061000,1
171978801061001,1
171978801071002,7
171978801071007,2
171978801072000,3
171978801073004,1
171978801073005,1
171978801093014,12
171978801094000,7
171978801111004,4
171978801131006,3
171978801141000,3
171978801141002,4
171978801141003,5
171978801141007,20
171978801141009,19
171978801141012,11
171978801152007,1
171978801162000,1
171978801171003,1
171978801192018,2
171978801201000,6
171978801201004,3
171978801201020,1
171978801202017,1
171978801203003,1
171978801203012,1
171978801211024,4
171978801211030,3
171978801213029,2
171978801214028,14
171978801214033,2
171978802031001,2
171978802042037,4
171978802043024,4
171978802043025,1
171978803033000,1
171978803041013,1
171978803052000,11
171978803052006,1
171978803053006,1
171978803061000,2
171978803071013,10
171978803072001,3
171978803072003,2
171978803081037,2
171978803082063,1
171978803082086,1
171978803082094,2
171978803082105,4
171978803083000,1
171978803083016,1
171978803091001,1
171978803092000,5
171978803101000,6
171978803101024,1
171978803101048,1
171978803101071,1
171978803101108,2
171978803101148,5
171978803101153,19
171978803121001,1
171978803121057,1
171978803121082,1
171978803121090,9
171978803121099,1
171978803121100,3
171978803121102,1
171978803121120,3
171978803121136,1
171978803122047,1
171978803132003,1
171978803132009,1
171978803132031,1
171978804041004,2
171978804041005,3
171978804041057,2
171978804042000,3
171978804042004,1
171978804042021,1
171978804043012,1
171978804043018,2
171978804043020,1
171978804043021,1
171978804043039,1
171978804043044,5
171978804044004,1
171978804044009,1
171978804111014,1
171978804111033,6
171978804112048,1
171978804112063,1
171978804113010,3
171978804121039,1
171978804122002,1
171978804123002,4
171978804123023,3
171978804141026,2
171978804142035,1
171978804152006,1
171978804152019,1
171978804162009,1
171978804182000,1
171978804212005,1
171978804212006,1
171978804212017,8
171978804212020,2
171978805021061,3
171978805023018,6
171978805031002,1
171978805072000,2
171978805072007,1
171978806011018,1
171978806012014,3
171978806012016,1
171978806021040,5
171978806023016,1
171978806023017,1
171978809011068,2
171978809012026,7
171978809031000,1
171978809031004,1
171978809031008,2
171978809051036,1
171978810013024,4
171978810024036,4
171978810052006,1
171978810052012,1
171978810053008,1
171978810071000,4
171978810071002,1
171978810071015,1
171978810091005,1
171978810091007,3
171978810101000,1
171978810101016,1
171978810112005,11
171978810122000,1
171978810123002,5
171978811071016,3
171978811072030,2
171978811081091,85
171978811082050,2
171978811111004,2
171978811113001,4
171978811113003,1
171978811113008,4
171978811122002,1
171978811122027,1
171978811133015,4
171978811151002,4
171978811151007,8
171978811153005,1
171978811162022,1
171978811162025,3
171978813012012,2
171978813022012,1
171978813022017,1
171978813022020,1
171978814022012,2
171978815001006,3
171978815001021,1
171978816011000,1
171978816012013,1
171978816032005,5
171978816042004,8
171978817001001,4
171978817001020,5
171978818002006,2
171978820001013,1
171978820003011,3
171978820003045,1
171978822003004,1
171978822003013,3
171978822004006,10
171978827012019,1
171978827012021,1
171978828011005,5
171978828012002,1
171978828012007,4
171978828012013,2
171978828021000,1
171978828023000,25
171978828023001,56
171978828023002,88
171978828023003,2
171978828023004,1
171978828023005,3
171978828023006,1
171978830002020,8
171978830002022,1
171978831003144,6
171978832061007,6
171978832061012,13
171978832062001,2
171978832063001,10
171978832063016,1
171978832081002,2
171978832081007,7
171978832081009,20
171978832081021,10
171978832082007,8
171978832092001,17
171978832101045,1
171978832101052,8
171978832101053,1
171978832113004,1
171978832113014,11
171978832113015,1
171978832113022,3
171978832113023,3
171978832131015,6
171978832131016,1
171978832133037,1
171978832141052,3
171978832151006,1
171978832151112,1
171978832161014,1
171978832162008,3
171978835041014,3
171978835041018,1
171978835041032,1
171978835041034,2
171978835043017,1
171978835054003,1
171978835054025,1
171978835071022,1
171978835092045,1
171978835102025,1
171978835113009,4
171978835132013,20
171978835133001,6
171978835133008,1
171978835133010,1
171978835142001,1
171978835142002,4
171978835142043,2
171978835142064,1
171978835142070,2
171978835151003,1
171978835151028,1
171978835151044,1
171978835152000,4
171978835152007,1
171978835152011,1
171978835152018,11
171978835161018,1
171978835161082,1
171978835162000,13
171978835162002,1
171978835162003,3
171978835162004,10
171978835171020,1
171978835171021,2
171978835191049,2
171978835193001,2
171978835193002,2
171978835193005,2
171978835193013,1
171978835211021,3
171978835213016,2
171978835221014,1
171978835221020,2
171978835221024,3
171978835221025,1
171978835221038,1
171978835223004,11
171978835223016,2
171978836021015,1
171978836023042,1
171978836023073,1
171978836032020,1
171978838042005,1
171978838063021,1
171978838092000,1
171978838092032,1
171978838111023,1
171978839022035,2
171978839023026,1
171978839043029,1
171978841011076,1
171978841031014,2
171978841031015,3
171978841031087,1
171978841031090,14
180890102013040,1
180890103023108,3
180890104002023,2
180890104002027,24
180890104002036,1
180890104002037,1
180890104004013,1
180890112002027,2
180890112003000,2
180890112003035,3
180890113002022,1
180890118002028,1
180890123001031,3
180890123004007,1
180890124004014,2
180890125001000,1
180890125001012,2
180890125001013,1
180890127003001,1
180890128001025,4
180890128001037,3
180890201004000,1
180890203004031,1
180890203004048,1
180890203004059,1
180890206002018,2
180890206002051,65
180890206002052,6
180890207003016,1
180890207005002,6
180890207005003,1
180890207005004,7
180890208001019,4
180890208003026,1
180890208004021,2
180890209001023,3
180890209003012,4
180890209003032,2
180890211003002,3
180890213001027,3
180890214002003,1
180890214003011,1
180890215002009,3
180890216001005,2
180890218001000,2
180890304001095,1
180890304001106,2
180890304002015,1
180890305004009,1
180890305004011,1
180890305004017,2
180890308003009,1
180890308004006,1
180890308004011,30
180890308004021,4
180890309001002,1
180890309001006,1
180890309003009,1
180890310001007,2
180890402002013,5
180890402003000,2
180890402003001,2
180890402003002,2
180890403002007,2
180890403002009,1
180890403002011,11
180890403002013,1
180890403002014,3
180890403002017,3
180890403003014,11
180890403003019,5
180890403003023,1
180890403003036,31
180890403003040,15
180890403003041,27
180890403004035,2
180890403005018,3
180890403006011,2
180890403006013,1
180890404012000,1
180890404012005,1
180890404014003,31
180890404014008,3
180890404014009,1
180890404014018,11
180890404014019,3
180890404014020,2
180890404014022,89
180890404014023,8
180890404014024,24
180890404014025,7
180890404014027,21
180890404021016,11
180890404022000,6
180890404022001,14
180890404022024,1
180890404031017,3
180890404033003,1
180890405011000,5
180890405012003,1
180890405012006,6
180890405013000,6
180890405021000,4
180890405021006,2
180890405021012,1
180890405022000,4
180890405022009,1
180890406001011,1
180890406002007,2
180890406003000,3
180890406003001,2
180890406003007,1
180890406004027,5
180890407004001,1
180890407004009,2
180890407004011,1
180890408011002,3
180890408011009,1
180890408012012,2
180890408013015,2
180890408021009,5
180890408022001,1
180890408023010,1
180890408023011,1
180890409001003,1
180890409003009,1
180890409004000,1
180890409004003,1
180890410012002,1
180890410012008,3
180890412001011,2
180890412001016,1
180890413022016,1
180890417001050,1
180890417002001,4
180890418006007,5
180890418006010,1
180890419002000,2
180890419002021,1
180890419003050,1
180890420002017,13
180890420002020,42
180890420003027,1
180890422001019,2
180890423001011,1
180890423001015,1
180890423002031,2
180890423002033,1
180890423002058,13
180890423003053,6
180890423003067,1
180890423003071,1
180890424013028,1
180890424023025,1
180890424031017,1
180890424031021,2
180890424031034,5
180890424032002,3
180890424032028,1
180890424032029,3
180890424032053,2
180890424032060,5
180890425031013,8
180890425031020,2
180890425031030,3
180890425031036,9
180890425031037,1
180890425031043,2
180890425031050,5
180890425031052,4
180890425041010,4
180890425041011,1
180890425043000,1
180890425043002,4
180890425043003,4
180890425051015,2
180890425051057,2
180890425052006,1
180890425053005,11
180890425053009,1
180890425053010,19
180890425053012,1
180890425053014,1
180890425053027,1
180890425053028,2
180890425053032,16
180890425053040,1
180890425053044,9
180890425053045,8
180890425053048,1
180890425053049,23
180890425053050,4
180890425053052,8
180890425053053,38
180890425053054,1
180890425053056,2
180890425053058,10
180890425053065,6
180890426022002,1
180890426022029,7
180890426022031,2
180890426022033,1
180890426022036,4
180890426022040,1
180890426022047,1
180890426051046,1
180890426052113,1
180890426061002,4
180890426061003,1
180890426061006,2
180890426062008,1
180890426072000,1
180890426081001,1
180890426081025,10
180890426081027,1
180890426081043,1
180890426081044,12
180890426081045,6
180890426091046,1
180890426091071,4
180890427022000,3
180890427022003,6
180890427022004,1
180890427022005,2
180890427022021,6
180890427023038,1
180890427031000,1
180890427031018,1
180890427032010,1
180890427033011,3
180890427033022,1
180890427033030,1
180890427033032,1
180890427041024,2
180890427042005,3
180890427042030,3
180890427042036,1
180890427042047,1
180890428012003,16
180890428012012,1
180890428013010,1
180890428013047,3
180890428014028,4
180890428021002,23
180890428021003,6
180890428021004,3
180890428022005,1
180890428023014,5
180890428023031,6
180890429021023,3
180890429021030,2
180890429021122,2
180890429022004,1
180890430012051,1
180890430022016,1
180890430022034,2
180890430023037,1
180890430023039,4
180890430023054,1
180890431011024,1
180890431021036,1
180890431022026,40
180890431022027,11
180890431022028,5
180890431023036,2
180890432012006,2
180890432021010,5
180890432021029,1
180890432021031,4
180890432021040,1
180890432021041,3
180890432021042,9
180890432021050,1
180890432022066,1
180890432022081,10
180890434011014,2
180890434031004,1
180890434031014,1
180890434031021,2
180890434033037,2
